{
  "split_half": {
    "science": {
      "rho_greedy": {
        "mean": 0.8886666666666667,
        "std": 0.018686893802876938,
        "modal_committee": "claude_sonnet+deepseek_v4+gemini_pro+gpt5_mini+kimi_k2"
      },
      "rho_exhaustive": {
        "mean": 0.8917333333333332,
        "std": 0.01652257714630367,
        "modal_committee": "claude_sonnet+deepseek_v4+gemini_pro+gpt5_mini+kimi_k2"
      },
      "top_acc": {
        "mean": 0.9001333333333335,
        "std": 0.015169560163549768,
        "modal_committee": "bytedance_seed+deepseek_v4+gpt5_mini+kimi_k2+qwen_3"
      },
      "empirical": {
        "mean": 0.8999,
        "std": 0.013684175775934285,
        "modal_committee": "bytedance_seed+claude_sonnet+deepseek_v4+gpt5_mini+qwen_3"
      },
      "random": {
        "mean": 0.8977999999999999,
        "std": 0.018523378621503044
      }
    },
    "medicine": {
      "rho_greedy": {
        "mean": 0.8439333333333334,
        "std": 0.01783118367106093,
        "modal_committee": "claude_sonnet+deepseek_v4+glm_46+gpt5_mini+qwen_3"
      },
      "rho_exhaustive": {
        "mean": 0.8450333333333333,
        "std": 0.01793008025017673,
        "modal_committee": "claude_sonnet+deepseek_v4+glm_46+kimi_k2+qwen_3"
      },
      "top_acc": {
        "mean": 0.8480666666666664,
        "std": 0.020332677585054495,
        "modal_committee": "claude_sonnet+deepseek_v4+gemini_pro+glm_46+gpt5_mini"
      },
      "empirical": {
        "mean": 0.8422000000000001,
        "std": 0.015182006894127454,
        "modal_committee": "bytedance_seed+claude_sonnet+gemini_pro+glm_46+gpt5_mini"
      },
      "random": {
        "mean": 0.8470666666666669,
        "std": 0.020059245582357617
      }
    },
    "law": {
      "rho_greedy": {
        "mean": 0.6800733333333333,
        "std": 0.03903754261391633,
        "modal_committee": "claude_sonnet+deepseek_v4+gemini_pro+glm_46+qwen_3"
      },
      "rho_exhaustive": {
        "mean": 0.6787933333333334,
        "std": 0.03708183083098483,
        "modal_committee": "bytedance_seed+claude_sonnet+gemini_pro+glm_46+qwen_3"
      },
      "top_acc": {
        "mean": 0.6939733333333333,
        "std": 0.038629168023945615,
        "modal_committee": "bytedance_seed+claude_sonnet+gemini_pro+gpt5_mini+qwen_3"
      },
      "empirical": {
        "mean": 0.6881200000000001,
        "std": 0.03673576277507608,
        "modal_committee": "bytedance_seed+claude_sonnet+gemini_pro+kimi_k2+qwen_3"
      },
      "random": {
        "mean": 0.6685466666666666,
        "std": 0.038816580649682846
      }
    }
  },
  "lodo": {
    "law": {
      "rho_greedy": {
        "members": [
          "claude_sonnet",
          "deepseek_v4",
          "gemini_pro",
          "gpt5_mini",
          "kimi_k2"
        ],
        "accuracy": 0.6634666666666665,
        "n_items": 250
      },
      "rho_exhaustive": {
        "members": [
          "claude_sonnet",
          "deepseek_v4",
          "gemini_pro",
          "gpt5_mini",
          "kimi_k2"
        ],
        "accuracy": 0.6634666666666665,
        "n_items": 250
      },
      "top_acc": {
        "members": [
          "bytedance_seed",
          "claude_sonnet",
          "deepseek_v4",
          "gpt5_mini",
          "kimi_k2"
        ],
        "accuracy": 0.67,
        "n_items": 250
      },
      "empirical": {
        "members": [
          "bytedance_seed",
          "claude_sonnet",
          "deepseek_v4",
          "gpt5_mini",
          "kimi_k2"
        ],
        "accuracy": 0.67,
        "n_items": 250
      },
      "oracle": {
        "members": [
          "bytedance_seed",
          "claude_sonnet",
          "gemini_pro",
          "kimi_k2",
          "qwen_3"
        ],
        "accuracy": 0.716
      },
      "random_expectation": {
        "accuracy": 0.6774666666666667
      }
    },
    "medicine": {
      "rho_greedy": {
        "members": [
          "bytedance_seed",
          "claude_sonnet",
          "deepseek_v4",
          "gemini_pro",
          "gpt5_mini"
        ],
        "accuracy": 0.8563333333333333,
        "n_items": 250
      },
      "rho_exhaustive": {
        "members": [
          "bytedance_seed",
          "claude_sonnet",
          "deepseek_v4",
          "gemini_pro",
          "glm_46"
        ],
        "accuracy": 0.8476666666666668,
        "n_items": 250
      },
      "top_acc": {
        "members": [
          "bytedance_seed",
          "claude_sonnet",
          "deepseek_v4",
          "gpt5_mini",
          "qwen_3"
        ],
        "accuracy": 0.849,
        "n_items": 250
      },
      "empirical": {
        "members": [
          "bytedance_seed",
          "claude_sonnet",
          "gemini_pro",
          "kimi_k2",
          "qwen_3"
        ],
        "accuracy": 0.839,
        "n_items": 250
      },
      "oracle": {
        "members": [
          "claude_sonnet",
          "deepseek_v4",
          "gemini_pro",
          "gpt5_mini",
          "kimi_k2"
        ],
        "accuracy": 0.8613333333333333
      },
      "random_expectation": {
        "accuracy": 0.8479523809523809
      }
    },
    "science": {
      "rho_greedy": {
        "members": [
          "claude_sonnet",
          "deepseek_v4",
          "gemini_pro",
          "glm_46",
          "qwen_3"
        ],
        "accuracy": 0.894,
        "n_items": 250
      },
      "rho_exhaustive": {
        "members": [
          "claude_sonnet",
          "deepseek_v4",
          "gemini_pro",
          "glm_46",
          "qwen_3"
        ],
        "accuracy": 0.894,
        "n_items": 250
      },
      "top_acc": {
        "members": [
          "bytedance_seed",
          "claude_sonnet",
          "deepseek_v4",
          "gemini_pro",
          "gpt5_mini"
        ],
        "accuracy": 0.9073333333333332,
        "n_items": 250
      },
      "empirical": {
        "members": [
          "claude_sonnet",
          "deepseek_v4",
          "gemini_pro",
          "kimi_k2",
          "qwen_3"
        ],
        "accuracy": 0.897,
        "n_items": 250
      },
      "oracle": {
        "members": [
          "bytedance_seed",
          "claude_sonnet",
          "deepseek_v4",
          "gpt5_mini",
          "qwen_3"
        ],
        "accuracy": 0.9163333333333332
      },
      "random_expectation": {
        "accuracy": 0.9003333333333333
      }
    }
  },
  "regret": {
    "law": {
      "law": 0.0,
      "medicine": 0.022333333333333316,
      "science": 0.007000000000000006
    },
    "medicine": {
      "law": 0.05253333333333343,
      "medicine": 0.0,
      "science": 0.02100000000000002
    },
    "science": {
      "law": 0.0259999999999998,
      "medicine": 0.012333333333333307,
      "science": 0.0
    }
  },
  "evidence_spearman": {
    "science": -0.19109830611739664,
    "medicine": 0.09657839735858165,
    "law": 0.5867596298584024
  },
  "rank_transfer": {
    "law vs medicine": {
      "acc_spearman": -0.23119415014177508,
      "rho_spearman": 0.19282296650717703
    },
    "law vs science": {
      "acc_spearman": 0.38217547584190215,
      "rho_spearman": -0.3015721120984279
    },
    "medicine vs science": {
      "acc_spearman": -0.4545376773587475,
      "rho_spearman": -0.5412850307587149
    }
  },
  "head_to_head": {
    "science": {
      "protocol": {
        "members": [
          "claude_sonnet",
          "gpt5_mini",
          "kimi_k2"
        ],
        "accuracy": 0.8906666666666666,
        "cost": 814.520802848242,
        "trace": [
          {
            "floor": 0.8166666666666667,
            "qualifying": [
              "bytedance_seed",
              "claude_sonnet",
              "deepseek_v4",
              "glm_46",
              "gpt5_mini",
              "kimi_k2",
              "qwen_3"
            ],
            "rho_hat": 0.5589903365756422,
            "target_size": 3,
            "spent": 814.520802848242
          }
        ]
      },